,St_len_min,K_nb_max,N_cl_max,N_stages,Cl_cen,St_edges,Ward_dist,Cen_dist,Silh,Cal-Har,Dav-Bold,Avg-Silh,Avg-Cal-Har,Avg-Dav-Bold,AMI,ARI,FMI
0,20,35,20,9,Mode,"[0, 136, 203, 342, 479, 554, 682, 842, 976, 1046]",65794.60309660768,31.828844182337498,-0.005191572575319012,25.6909194380524,5.4129105856950765,0.06986536679185187,22.053018830429608,3.59845854242791,0.7973127899555096,0.6071996909411388,0.6615525509147547
