,Silh,Cal-Har,Dav-Bold,Ward,Centr
0,0.07794485642825483,25.19121870529563,2.6116395195529165,20392.175454560074,20.24436049911547
1,0.1056546403493866,32.587204529188874,2.747948240487296,29417.822133125654,20.96864661743601
2,0.05046826171637638,19.103620730723655,4.010237874797751,16804.883553972017,14.243366335281271
3,0.19435960251635956,107.40390099204555,1.635630825631012,90629.32297194187,33.91365276873036
4,0.3288605635095591,153.68361803342245,1.165930880080497,115095.14856442016,45.02848717883638
5,0.1328807593134975,24.423595903093762,2.539962075710381,20034.287058308473,21.786889771694703
6,0.1933740391980527,62.556635630341034,1.613745237984469,59442.912243755,36.288562122756815
7,0.20988243578350588,61.51030797003837,1.6060115144763032,61472.552490978924,37.40246224157792
