,St_len_min,K_nb_max,N_cl_max,N_stages,Cl_cen,St_edges,Ward_dist,Cen_dist,Silh,Cal-Har,Dav-Bold,Avg-Silh,Avg-Cal-Har,Avg-Dav-Bold,AMI,ARI,FMI
0,0,35,20,9,Mode,"[0, 91, 203, 282, 554, 682, 787, 842, 976, 1046]",89286.55777998967,38.58672123246444,-0.0067885706676502,28.574090600359703,5.164264487007263,0.0802315907357655,25.64909592029435,3.137599689988555,0.8550216350519433,0.7148405821238492,0.7555107120239416
