,Silh,Cal-Har,Dav-Bold,Ward,Centr
0,0.060090846274024126,16.613514514243747,3.3073873656994297,47432.56132058067,30.736654817655378
1,0.040618034566787226,9.828307729829802,4.126272212185406,30667.747676299667,25.72972042902772
2,0.01664445214879416,9.628632311932636,4.761622340476139,29660.58419761897,22.011285703331268
3,0.13208830617284273,58.682728267488294,2.4029864812512205,199614.79932308669,47.88912776820469
4,0.15022259807141378,50.703807961828986,2.055001963559278,182272.89036891135,56.21333689823837
5,0.06371553457273584,11.25243123651635,3.445711484755539,36029.995922284215,31.594835863762462
6,0.09380154445395558,25.79714647404608,2.2937688949715374,97538.10622265769,50.013162549809735
7,0.08467140962557054,22.686198866468906,2.7080467770098884,91075.77720847818,44.505645829685875
