,Silh,Cal-Har,Dav-Bold,Ward,Centr
0,0.2358146799084412,90.313047753117,1.156959521956205,118.22074448882584,1.6925068915660202
1,0.22909517470495824,137.394202494553,1.3974339795379802,207.3577447186259,1.600461815537875
2,0.023367979424934956,7.562811112907236,4.988894770258362,12.837523639378617,0.4693097389440905
3,0.0547159763985071,12.781947485969628,3.4308349089926176,24.350626887373682,0.7319088062258092
4,0.08178702594016288,23.322269999742293,2.5092111041718455,47.971415840103354,1.0365912934272044
5,0.18375866894341603,55.22578076953942,1.6334333297741317,115.92231476155493,1.627959408524698
6,0.022284175696759577,5.451637147374419,5.338164347430942,11.744500173613337,0.5073558230054759
7,0.17813688579180573,48.217992799995635,1.84024825289544,117.28032392550348,1.5108497359022752
8,0.02908514168508252,5.129658700604471,5.358501613293481,13.462068065176357,0.5341374873423773
