,classifier,Accuracy,TOP-2 Accuracy,TOP-3 Accuracy,TOP-4 Accuracy,TOP-5 Accuracy,TOP-6 Accuracy,TOP-7 Accuracy,TOP-8 Accuracy,TOP-9 Accuracy,AUC-ROC,Precision,Recall,F1-score
0,Метод k ближайших соседей,0.5378343949044586,0.6917197452229299,0.7793630573248408,0.8338853503184713,0.8835668789808917,0.916687898089172,0.9472611464968153,0.9673885350318472,0.990063694267516,0.8961687660000416,0.6228602023547547,0.5388982513318349,0.5126153613391033
1,Случайный лес,0.6040764331210191,0.759235668789809,0.8328662420382166,0.88,0.9174522292993631,0.9439490445859873,0.9622929936305733,0.9773248407643312,0.9898089171974522,0.902227845821577,0.6044617474669708,0.606078951114938,0.60052648609332
2,Град. бустинг на основе гистограм,0.6532484076433122,0.796687898089172,0.8736305732484076,0.9146496815286624,0.9444585987261146,0.9643312101910828,0.9768152866242038,0.9867515923566879,0.9943949044585987,0.9313162931022438,0.6535549805040352,0.6541455261049577,0.6518495001335423
3,CatBoost,0.7329936305732484,0.8634394904458599,0.9182165605095541,0.9457324840764331,0.9668789808917198,0.9796178343949045,0.9872611464968153,0.9926114649681529,0.9974522292993631,0.9576663325749866,0.731954331100239,0.7336220893786936,0.7316497386547919
4,XGBoost,0.6970700636942675,0.8354140127388535,0.9001273885350318,0.935031847133758,0.9569426751592357,0.9719745222929936,0.9801273885350319,0.990828025477707,0.9964331210191083,0.9477586512210321,0.695962445964897,0.6978617636625459,0.6959821489637177
5,Нейронная сеть для тополог. признаков,0.6761783439490446,0.7852229299363057,0.8262420382165605,0.8608917197452229,0.8950318471337579,0.9304458598726114,0.9587261146496815,0.9780891719745223,0.9915923566878981,0.9324596290282813,0.6118594322219642,0.6756951591064113,0.6408932361515953
6,,,,,,,,,,,,,,
7,ResNet18 – базовая модель,0.5212738853503185,0.6422929936305732,0.7240764331210191,0.7895541401273886,0.8445859872611465,0.8881528662420383,0.9192356687898089,0.9464968152866242,0.9729936305732484,0.8454976613837071,0.5757592894296002,0.5212991477246405,0.5032233977437314
8,Комбинированная нейронная сеть,0.6657324840764332,0.7768152866242038,0.8326114649681529,0.882547770700637,0.9192356687898089,0.9457324840764331,0.966624203821656,0.9826751592356688,0.9915923566878981,0.9274258284894589,0.6233913111091678,0.6646319496859284,0.6367706210753775
