,scale,n_clusters_min,n_clusters_max,k_neighbours_min,k_neighbours_max,len_st_thr,n_cl_max_thr,k_neighb_max_thr,n_edge_clusters_min,n_edge_clusters_max,St_len_min,K_nb_max,N_cl_max,N_stages,Cl_cen,St_edges,Ward_dist,Cen_dist,Silh,Cal-Har,Dav-Bold,Avg-Silh,Avg-Cal-Har,Avg-Dav-Bold
0,False,2,5,20,20,[20],[10],[35],8,8,20,35,10,9,Median,"[0, 194, 238, 273, 490, 512, 525, 681, 1046]",76.27025264339524,1.6350062489509583,-0.14244742691516876,187.73577199475108,5.830772092299435,0.14032526314258575,19.65138752695982,2.173925436378697
1,False,2,5,20,30,[20],[10],[35],8,8,20,35,10,9,Mode,"[0, 101, 194, 238, 273, 319, 526, 650, 744, 1046]",59.98932256913044,1.2015700861811638,-0.039157964289188385,168.6801869808644,5.2612096032648346,0.11770568788051605,20.281234474870153,3.2478492785739457
