,classifier,Accuracy,TOP-2 Accuracy,TOP-3 Accuracy,TOP-4 Accuracy,TOP-5 Accuracy,TOP-6 Accuracy,TOP-7 Accuracy,TOP-8 Accuracy,TOP-9 Accuracy,AUC-ROC,Precision,Recall,F1-score
0,KNeighborsClassifier,0.9267,0.969,0.9811,0.9885,0.9925,0.9953,0.9974,0.9981,0.9995,0.9957439127808578,0.927248106876641,0.9259032359218352,0.9257351948564525
1,RandomForestClassifier,0.9817,0.9937,0.9979,0.999,0.9994,0.9996,0.9998,1.0,1.0,0.9997011716089711,0.981511107968393,0.9814443222472411,0.9814661309871395
2,NNClassifier_images,0.9894,0.9936,0.9954,0.9962,0.9967,0.9974,0.9981,0.9987,0.9994,0.9985946143211901,0.9892513600271482,0.9893679827967704,0.9892802921745094
3,NNClassifier_features,0.989,0.9968,0.9984,0.9988,0.9993,0.9996,0.9998,0.9998,1.0,0.9997952811636696,0.9889419246807609,0.9889772619435064,0.988950137874153
4,NNClassifier_diagrams,0.5687,0.7433,0.8371,0.8947,0.9372,0.9652,0.9799,0.9882,0.9968,0.8883310928864785,0.5726999946433149,0.5625882688055956,0.5574725685670577
5,NNClassifier_features_images,0.9893,0.9954,0.9967,0.9976,0.9979,0.9987,0.9992,0.9996,0.9999,0.9990823638789723,0.98928884220539,0.9892623173214978,0.9892561083165052
6,HistGradientBoostingClassifier,0.9754,0.9938,0.9969,0.9988,0.9994,0.9996,0.9998,0.9998,0.9999,0.9995368909644632,0.9752412359478304,0.9750434929883036,0.9751147827625897
7,CatBoostClassifier,0.9873,0.9978,0.9993,0.9996,0.9997,0.9998,0.9999,1.0,1.0,0.9998970080386465,0.9873115169492982,0.9871259302042696,0.987207284490939
8,XGBClassifier,0.9846,0.9959,0.9986,0.9993,0.9996,0.9997,1.0,1.0,1.0,0.9998270889943419,0.9845136591967295,0.9844236015668203,0.9844473125749186
