,classifier,Accuracy,TOP-2 Accuracy,TOP-3 Accuracy,TOP-4 Accuracy,TOP-5 Accuracy,TOP-6 Accuracy,TOP-7 Accuracy,TOP-8 Accuracy,TOP-9 Accuracy,AUC-ROC,Precision,Recall,F1-score
0,Метод k ближайших соседей,0.9371,0.9751,0.9841,0.9905,0.9929,0.9958,0.9968,0.9981,0.9993,0.9966252743309251,0.9377276258714533,0.936356502542585,0.9365938283058943
1,Случайный лес,0.9818,0.9936,0.9976,0.9988,0.9992,0.9997,0.9998,1.0,1.0,0.9996915350354001,0.9816253524321816,0.9815538764751166,0.9815710678589763
2,Град. бустинг на основе гистограм,0.9755,0.9945,0.9984,0.9992,0.9996,0.9998,0.9999,1.0,1.0,0.9995721399839131,0.9752903432535162,0.9751820801864823,0.9752164028532512
3,CatBoost,0.9883,0.9979,0.9995,0.9997,0.9998,1.0,1.0,1.0,1.0,0.9999191184764787,0.9882634461362008,0.988225225379517,0.9882399253782077
4,XGBoost,0.9833,0.9959,0.9984,0.9992,0.9995,0.9997,1.0,1.0,1.0,0.9998259365682073,0.9831484789054544,0.9831063709324871,0.9831164484255354
5,Нейронная сеть для тополог. признаков,0.9907,0.9972,0.998,0.9988,0.9994,0.9996,0.9999,1.0,1.0,0.9999027679382481,0.9906339426577635,0.9906530785647754,0.9906357969900725
6,Обучаемая векторизация диаграмм,0.9842,0.996,0.9985,0.9992,0.9994,0.9999,0.9999,1.0,1.0,0.9997754006681567,0.9841537262413682,0.9841048760498188,0.9841171090408158
7,ResNet50 – базовая модель,0.9953,0.9992,0.9998,0.9998,0.9999,1.0,1.0,1.0,1.0,0.9999668667616375,0.9952515540165507,0.9952559078914478,0.9952513289650904
8,Комбинированная нейронная сеть,0.9912,0.997,0.9983,0.9986,0.999,0.9994,0.9998,0.9999,1.0,0.9999332758832904,0.9911009403183029,0.9911620014664644,0.9911251905362043
