,Silh,Cal-Har,Dav-Bold,Ward,Centr
0,0.16626415582097773,72.92644470279441,1.6067473139767539,62.13884835593999,0.9962846099088514
1,0.1592988865953619,51.39349283783119,1.6227564606886522,39.05906825530244,0.973146467464307
2,0.014260667540282093,4.516271644391483,5.6347461703526305,3.8472529745343347,0.28674723539387775
3,0.04751306237404619,22.909471161985934,2.6038448850279075,18.298893159996787,0.5881674613948118
4,0.03557119138398875,10.257935679316907,3.587961691152841,7.999539905797891,0.4268205207859866
5,0.08755726348519381,27.1575173331375,2.5427671139891235,23.175537475706037,0.6333364601022999
6,-0.01709187410891248,1.0434755625158663,10.437336282068518,0.8603911094040628,0.14920411477469223
7,0.04748043569504378,11.913372456370471,2.9209826292002834,12.732435816251325,0.5795369367217342
8,0.004153214238199482,3.9812423163712296,5.604727915305091,4.246434974375758,0.31040196505946693
