,classifier,Accuracy,TOP-2 Accuracy,TOP-3 Accuracy,TOP-4 Accuracy,TOP-5 Accuracy,TOP-6 Accuracy,TOP-7 Accuracy,TOP-8 Accuracy,TOP-9 Accuracy,AUC-ROC,Precision,Recall,F1-score
0,Метод k ближайших соседей,0.7268,0.8794,0.9454,0.971,0.9855,0.9929,0.9952,0.9972,0.9987,0.9637353833333331,0.7342319468359635,0.7268000000000001,0.7274996397019768
1,Случайный лес,0.8749,0.9616,0.9845,0.9921,0.9966,0.9985,0.9991,0.9994,0.9996,0.9889824722222224,0.8736269964809757,0.8748999999999999,0.8737008141675787
2,Град. бустинг на основе гистограм,0.8589,0.9539,0.9842,0.9923,0.9968,0.9988,0.9996,0.9999,0.9999,0.986312688888889,0.8569972096350862,0.8589,0.8571729119356626
3,CatBoost,0.8924,0.9725,0.9911,0.9959,0.9983,0.9995,0.9998,0.9999,1.0,0.9919017777777779,0.8921158782527081,0.8924,0.8921132643726735
4,XGBoost,0.8758,0.9636,0.9874,0.9946,0.9973,0.9992,0.9998,0.9999,1.0,0.9897120833333334,0.8753188958408744,0.8757999999999999,0.87537394776332
5,Нейронная сеть для тополог. признаков,0.8747,0.9569,0.9796,0.9885,0.9938,0.9961,0.9973,0.9984,0.9993,0.9826355777777779,0.8748168455135097,0.8747,0.8745206795648736
6,Обучаемая векторизация диаграмм,0.6639,0.8158,0.8938,0.9368,0.9636,0.9813,0.9901,0.9958,0.9983,0.9247997111111113,0.6671246844261582,0.6638999999999999,0.6581550580435105
7,ResNet18 – базовая модель,0.8874,0.9279,0.9545,0.9717,0.9819,0.9875,0.9937,0.9953,0.9959,0.9722037833333331,0.8888931752298912,0.8873999999999999,0.8865109512856268
8,Комбинированная нейронная сеть,0.8932,0.9395,0.9635,0.9832,0.9876,0.9906,0.9929,0.9951,0.9957,0.9782041722222221,0.8946434780627307,0.8931999999999999,0.8906767743942344
