,St_len_min,K_nb_max,N_cl_max,N_stages,Cl_cen,St_edges,Ward_dist,Cen_dist,Silh,Cal-Har,Dav-Bold,Avg-Silh,Avg-Cal-Har,Avg-Dav-Bold,AMI,ARI,FMI
0,20,50,20,9,Mode,"[0, 91, 248, 342, 486, 554, 682, 842, 976, 1046]",78441.18417831586,33.721628568239225,-0.01034487206948486,38.6749804226554,4.724019741132299,0.0867137837291537,31.48706639428943,3.125977330806499,0.8283857696402476,0.6872783221404203,0.7314397786192901
