,Silh,Cal-Har,Dav-Bold,Ward,Centr
0,0.036529731938545744,15.438446679149287,3.6312056832681785,44039.18786129521,27.648716075742605
1,0.02506730594495183,5.023701966250599,4.4700117559776755,16063.87927410674,23.97466871213392
2,0.026024479569750604,4.634870516263982,4.801519100796366,14327.19240055418,22.172490772979014
3,0.03833996104070958,12.007949071188348,3.963915874360368,36702.44086334399,26.826399370821708
4,0.04957532045294821,15.874888313682382,3.157808678013527,56255.437861575854,35.59187349942524
5,0.1531923833859963,63.18404654857889,2.0644845825055076,228393.87946732005,56.672647106070386
6,0.1045490497331591,40.643873428450256,2.5936444212758376,150550.55534392412,45.43624740164768
7,0.08467140962557054,22.686198866468906,2.7080467770098884,91075.77720847818,44.505645829685875
