,classifier,Accuracy,TOP-2 Accuracy,TOP-3 Accuracy,TOP-4 Accuracy,TOP-5 Accuracy,TOP-6 Accuracy,TOP-7 Accuracy,TOP-8 Accuracy,TOP-9 Accuracy,AUC-ROC,Precision,Recall,F1-score
0,Метод k ближайших соседей,0.5113375796178344,0.6822929936305733,0.780891719745223,0.8412738853503184,0.8881528662420383,0.9248407643312102,0.9546496815286625,0.9737579617834395,0.98828025477707,0.8842205790136417,0.5640660210924101,0.5131724762246632,0.49990348115954425
1,Случайный лес,0.6020382165605096,0.7561783439490446,0.8310828025477707,0.8802547770700637,0.9146496815286624,0.9380891719745222,0.9579617834394905,0.9717197452229299,0.9870063694267516,0.8989458684856564,0.602007127274988,0.6034124800723967,0.5998342921237759
2,Град. бустинг на основе гистограм,0.6466242038216561,0.7913375796178344,0.8654777070063694,0.9126114649681528,0.9439490445859873,0.9628025477707006,0.977579617834395,0.9864968152866243,0.9938853503184714,0.9280896299383878,0.6469801770885086,0.6472542739680333,0.6451483974015864
3,CatBoost,0.7080254777070064,0.8425477707006369,0.9014012738853503,0.9363057324840764,0.9602547770700637,0.9755414012738853,0.9857324840764331,0.9915923566878981,0.996687898089172,0.949828208347458,0.7074502111908123,0.7087096990366017,0.7065790855786908
4,XGBoost,0.6749044585987262,0.8173248407643312,0.8820382165605095,0.9238216560509555,0.9500636942675159,0.9709554140127389,0.9821656050955414,0.9903184713375797,0.9969426751592356,0.9404595202444265,0.6754727854042983,0.6757045961507282,0.6751620284830789
5,Нейронная сеть для тополог. признаков,0.6591082802547771,0.7704458598726115,0.8185987261146497,0.8471337579617835,0.8751592356687898,0.9138853503184713,0.9477707006369427,0.9727388535031847,0.9913375796178344,0.9238221782515353,0.5971323538449266,0.6587613430339416,0.6252430317567746
6,,,,,,,,,,,,,,
7,ResNet18 – базовая модель,0.489171974522293,0.606624203821656,0.6942675159235668,0.7577070063694268,0.8168152866242038,0.8619108280254777,0.9077707006369427,0.9444585987261146,0.9732484076433121,0.8215760344647849,0.4308950593198569,0.4930062980161913,0.4508153687101415
8,Комбинированная нейронная сеть,0.6119745222929937,0.738343949044586,0.8109554140127389,0.8624203821656051,0.9026751592356688,0.9332484076433121,0.9554140127388535,0.9712101910828026,0.9862420382165605,0.9074389862451079,0.6186356904133687,0.6111564182743805,0.586672109083886
