,St_len_min,K_nb_max,N_cl_max,N_stages,Cl_cen,St_edges,Ward_dist,Cen_dist,Silh,Cal-Har,Dav-Bold,Avg-Silh,Avg-Cal-Har,Avg-Dav-Bold,AMI,ARI,FMI
0,20,35,15,9,Mode,"[0, 36, 210, 349, 486, 554, 682, 856, 977, 1046]",51531.771130475405,27.884703684921192,0.0017205719228741893,67.11359563999726,3.564770666995986,0.14303863720591858,58.40393520474176,2.260027643057323,0.8529021530832102,0.7092329656933904,0.7500844130301436
