,Silh,Cal-Har,Dav-Bold,Ward,Centr
0,0.07052755736579647,22.5748640852849,1.9506632129830548,18481.608058456346,24.891647994674397
1,0.11086363368542124,39.696382119256434,2.669251199631382,34973.29886552301,21.27445503767254
2,0.0549381294935164,16.163373127157037,3.986796941749255,14423.42112770705,14.458425426422977
3,0.04982227954676136,15.938565605002779,3.1517129565794364,13225.927334421578,17.059851903468335
4,0.15668245881179302,47.58070336784686,1.8275872733803202,34519.006237227,27.880318880770336
5,0.2802346780316882,161.48114266883795,1.2896951356346986,139277.57601427977,43.457472335308324
6,0.21135792492886618,102.2861426945097,1.5985029100241335,95880.77891520962,36.65299565947471
7,0.20988243578350588,61.51030797003837,1.6060115144763032,61472.552490978924,37.40246224157792
