,Silh,Cal-Har,Dav-Bold,Ward,Centr
0,0.03946959732961593,14.228693888236243,2.8463263823600453,33720.90956602892,31.280433190063313
1,0.048363436044255775,11.194909266584498,4.161748012314243,28402.417142879505,23.39859215112886
2,0.012718092549026528,8.293075958671027,4.896815020755222,24395.32179394453,20.962154414892776
3,0.007525810752374702,7.861279125563394,4.989758770578247,23044.23179290778,20.568339351264914
4,0.06265240663790811,17.017559355745163,3.2047264249095195,46209.031667075986,31.259054402312156
5,0.146303352416048,59.131140560947635,2.123313025265353,175218.9417303196,49.63885945590027
6,0.09895695241427954,37.98011914251701,2.686302358581161,123360.6175681253,41.12913180998973
7,0.07573839889009304,20.445382095106165,2.8736813041460314,70483.13439508111,39.152208880107004
